First Names, Last  Names, Email,Phone
Luis, Caraballo, lcaraballo@gmail.com, 3112345671
Mauricio, Fajardo, jmauriciofajardo@gmail.com, 3112345672
Jeisson, Misnaza, jmisnaza@gmail.com, 3112345673
Agustin,Mora,amora@hotmail.com, 3112345674
Yesenia, Sanchez, yesanchez@yahoo.es, 3112345675

